{
  "stats": {
    "suites": 1,
    "tests": 7,
    "passes": 7,
    "pending": 0,
    "failures": 0,
    "testsRegistered": 7,
    "passPercent": 100,
    "pendingPercent": 0,
    "other": 0,
    "hasOther": false,
    "skipped": 0,
    "hasSkipped": false,
    "start": "2024-10-08T11:31:49.034Z",
    "end": "2024-10-08T11:31:55.808Z",
    "duration": 6774
  },
  "results": [
    {
      "uuid": "f8c2be9f-b478-43da-bbb9-49f829b11b21",
      "title": "",
      "fullFile": "cypress/e2e/App.cy.js",
      "file": "cypress/e2e/App.cy.js",
      "beforeHooks": [],
      "afterHooks": [],
      "tests": [],
      "suites": [
        {
          "uuid": "325d87be-9e11-4894-898c-ef5beb39fdb3",
          "title": "App spec",
          "fullFile": "",
          "file": "",
          "beforeHooks": [],
          "afterHooks": [],
          "tests": [
            {
              "title": "passes",
              "fullTitle": "App spec passes",
              "timedOut": null,
              "duration": 434,
              "state": "passed",
              "speed": "fast",
              "pass": true,
              "fail": false,
              "pending": false,
              "context": null,
              "code": "cy.visit('http://localhost:3000/');",
              "err": {},
              "uuid": "d37ae1ca-83fd-4bf6-bfd5-860350727a6d",
              "parentUUID": "325d87be-9e11-4894-898c-ef5beb39fdb3",
              "isHook": false,
              "skipped": false
            },
            {
              "title": "Add New task",
              "fullTitle": "App spec Add New task",
              "timedOut": null,
              "duration": 760,
              "state": "passed",
              "speed": "fast",
              "pass": true,
              "fail": false,
              "pending": false,
              "context": null,
              "code": "cy.get('.bg-blue-500').click();\ncy.get('[data-testid=\"description\"]').type('New Task');\ncy.get('[data-testid=\"dueDate\"]').type('2023-10-10');\ncy.get('[data-testid=\"saveTask\"]').click();\ncy.contains('New Task').should('exist');",
              "err": {},
              "uuid": "84a6d7f6-6703-4f88-a4e7-bf2e4b82cd71",
              "parentUUID": "325d87be-9e11-4894-898c-ef5beb39fdb3",
              "isHook": false,
              "skipped": false
            },
            {
              "title": "Edit Task",
              "fullTitle": "App spec Edit Task",
              "timedOut": null,
              "duration": 1205,
              "state": "passed",
              "speed": "fast",
              "pass": true,
              "fail": false,
              "pending": false,
              "context": null,
              "code": "cy.get('.bg-blue-500').click();\ncy.get('[data-testid=\"description\"]').type('New Task');\ncy.get('[data-testid=\"dueDate\"]').type('2023-10-10');\ncy.get('[data-testid=\"saveTask\"]').click();\ncy.get('[data-testid=\"editTask\"]').click();\ncy.get('[data-testid=\"description\"]').clear().type('Updated Task');\ncy.get('[data-testid=\"saveTask\"]').click();\ncy.contains('Updated Task').should('exist');",
              "err": {},
              "uuid": "6f712b2d-d96e-4e11-ad4c-557f787f8963",
              "parentUUID": "325d87be-9e11-4894-898c-ef5beb39fdb3",
              "isHook": false,
              "skipped": false
            },
            {
              "title": "Complete or Undo Task",
              "fullTitle": "App spec Complete or Undo Task",
              "timedOut": null,
              "duration": 851,
              "state": "passed",
              "speed": "fast",
              "pass": true,
              "fail": false,
              "pending": false,
              "context": null,
              "code": "cy.get('.bg-blue-500').click();\ncy.get('[data-testid=\"description\"]').type('New Task');\ncy.get('[data-testid=\"dueDate\"]').type('2023-10-10');\ncy.get('[data-testid=\"saveTask\"]').click();\ncy.get('[data-testid=\"completeTask\"]').click();\ncy.get('[data-testid=\"completeTask\"]').should('contain', 'Undo');\ncy.get('[data-testid=\"completeTask\"]').click();\ncy.get('[data-testid=\"completeTask\"]').should('contain', 'Complete');",
              "err": {},
              "uuid": "dfddd0d0-01cb-48ef-bce9-6398e3f7bf21",
              "parentUUID": "325d87be-9e11-4894-898c-ef5beb39fdb3",
              "isHook": false,
              "skipped": false
            },
            {
              "title": "Delete Task",
              "fullTitle": "App spec Delete Task",
              "timedOut": null,
              "duration": 775,
              "state": "passed",
              "speed": "fast",
              "pass": true,
              "fail": false,
              "pending": false,
              "context": null,
              "code": "cy.get('.bg-blue-500').click();\ncy.get('[data-testid=\"description\"]').type('New Task');\ncy.get('[data-testid=\"dueDate\"]').type('2023-10-10');\ncy.get('[data-testid=\"saveTask\"]').click();\ncy.get('[data-testid=\"deleteTask\"]').click();\ncy.contains('New Task').should('not.exist');",
              "err": {},
              "uuid": "ae148ecb-97b3-493d-b92e-c7fc2df0b418",
              "parentUUID": "325d87be-9e11-4894-898c-ef5beb39fdb3",
              "isHook": false,
              "skipped": false
            },
            {
              "title": "Validation Error",
              "fullTitle": "App spec Validation Error",
              "timedOut": null,
              "duration": 221,
              "state": "passed",
              "speed": "fast",
              "pass": true,
              "fail": false,
              "pending": false,
              "context": null,
              "code": "cy.get('.bg-blue-500').click();\ncy.get('[data-testid=\"saveTask\"]').click();\ncy.get('.text-red-500').should('have.length', 2);",
              "err": {},
              "uuid": "2bf44dba-7f8b-4af0-8e76-d6c264e2ef7a",
              "parentUUID": "325d87be-9e11-4894-898c-ef5beb39fdb3",
              "isHook": false,
              "skipped": false
            },
            {
              "title": "Delete Selected Task",
              "fullTitle": "App spec Delete Selected Task",
              "timedOut": null,
              "duration": 1421,
              "state": "passed",
              "speed": "fast",
              "pass": true,
              "fail": false,
              "pending": false,
              "context": null,
              "code": "cy.get('.bg-blue-500').click();\ncy.get('[data-testid=\"description\"]').type('Task 1');\ncy.get('[data-testid=\"dueDate\"]').type('2023-10-10');\ncy.get('[data-testid=\"saveTask\"]').click();\ncy.get('.bg-blue-500').click();\ncy.get('[data-testid=\"description\"]').type('Task 2');\ncy.get('[data-testid=\"dueDate\"]').type('2023-10-10');\ncy.get('[data-testid=\"saveTask\"]').click();\ncy.get('div > input').click();\ncy.get('[data-testid=\"deleteSelected\"]').click();\ncy.contains('Task 1').should('not.exist');\ncy.contains('Task 2').should('not.exist');",
              "err": {},
              "uuid": "a972b755-96fd-4358-b240-7ebf9a4b4f81",
              "parentUUID": "325d87be-9e11-4894-898c-ef5beb39fdb3",
              "isHook": false,
              "skipped": false
            }
          ],
          "suites": [],
          "passes": [
            "d37ae1ca-83fd-4bf6-bfd5-860350727a6d",
            "84a6d7f6-6703-4f88-a4e7-bf2e4b82cd71",
            "6f712b2d-d96e-4e11-ad4c-557f787f8963",
            "dfddd0d0-01cb-48ef-bce9-6398e3f7bf21",
            "ae148ecb-97b3-493d-b92e-c7fc2df0b418",
            "2bf44dba-7f8b-4af0-8e76-d6c264e2ef7a",
            "a972b755-96fd-4358-b240-7ebf9a4b4f81"
          ],
          "failures": [],
          "pending": [],
          "skipped": [],
          "duration": 5667,
          "root": false,
          "rootEmpty": false,
          "_timeout": 2000
        }
      ],
      "passes": [],
      "failures": [],
      "pending": [],
      "skipped": [],
      "duration": 0,
      "root": true,
      "rootEmpty": true,
      "_timeout": 2000
    }
  ],
  "meta": {
    "mocha": {
      "version": "7.0.1"
    },
    "mochawesome": {
      "options": {
        "quiet": false,
        "reportFilename": "mochawesome",
        "saveHtml": false,
        "saveJson": true,
        "consoleReporter": "spec",
        "useInlineDiffs": false,
        "code": true
      },
      "version": "7.1.3"
    },
    "marge": {
      "options": {
        "charts": true,
        "overwrite": false,
        "html": false,
        "json": true,
        "reportDir": "cypress/report/mochawesome-report"
      },
      "version": "6.2.0"
    }
  }
}